{
    "Z-20": {
        "s": [
            1.3291207432671992,
            1.7291682752169304,
            2.1292158071666614,
            2.5292633391163926,
            2.9293108710661238,
            3.3293584030158545,
            3.7294059349655857,
            4.129453466915317,
            4.529500998865048
        ],
        "rho": [
            -7.047003910118598,
            -6.543961455076386,
            -6.616650052639788,
            -6.77002525124813,
            -7.155832344083251,
            -7.68551373384966,
            -8.24316911916106,
            -8.944246646774772,
            -9.344294178724503
        ],
        "unit": "log um2"
    },
    "Z-21": {
        "s": [
            1.2258912335357668,
            2.0121540999440564,
            2.7984169663523457,
            3.5846798327606355,
            4.370942699168925
        ],
        "rho": [
            -6.544937436058549,
            -7.030170306802858,
            -7.377100479380884,
            -8.727634776227736,
            -9.513897642636026
        ],
        "unit": "log um2"
    },
    "Z-22": {
        "s": [
            0.8530804958450947,
            1.3117061685566982,
            1.7703318412683018,
            2.2289575139799056,
            2.687583186691509,
            3.1462088594031123,
            3.604834532114716,
            4.06346020482632,
            4.522085877537924
        ],
        "rho": [
            -6.078843320744704,
            -6.537468993456308,
            -6.598154657495874,
            -6.852660347551552,
            -6.913346011591118,
            -7.31127384394911,
            -7.927507370022383,
            -8.812101775006267,
            -9.27072744771787
        ],
        "unit": "log um2"
    },
    "Z-23": {
        "s": [
            1.2071675919038192,
            1.668358369954395,
            2.1295491480049704,
            2.590739926055546,
            3.051930704106122,
            3.513121482156697,
            3.974312260207273,
            4.435503038257848
        ],
        "rho": [
            -6.499972389222199,
            -7.2621931629367555,
            -6.878285900973074,
            -7.070631366731071,
            -7.566584251040856,
            -7.784736980405139,
            -8.364027070533709,
            -9.075095321800884
        ],
        "unit": "log um2"
    },
    "Z-24": {
        "s": [
            1.8781433529831892,
            2.2208182189032653,
            2.563493084823342,
            2.906167950743418,
            3.2488428166634944,
            3.591517682583571,
            3.9341925485036477,
            4.276867414423724,
            4.6195422803438
        ],
        "rho": [
            -6.318298785517422,
            -6.556238300917485,
            -6.766287601562972,
            -7.27377271612904,
            -7.651209688308327,
            -8.118823290836705,
            -8.46149815675678,
            -8.980264281732538,
            -9.800060402372278
        ],
        "unit": "log um2"
    },
    "Z-65": {
        "s": [
            -0.6985757438662046,
            0.14697285033578636,
            0.9925214445377775,
            1.8380700387397682,
            2.683618632941759,
            3.52916722714375,
            4.374715821345741
        ],
        "rho": [
            -4.778434599643085,
            -5.623983193845077,
            -6.168501792383086,
            -6.16895234657082,
            -6.655478998131143,
            -7.830086311597359,
            -9.006628124840775
        ],
        "unit": "log um2"
    },
    "Z-66": {
        "s": [
            1.0552413477654015,
            1.4962138580013276,
            1.9371863682372537,
            2.37815887847318,
            2.819131388709106,
            3.2601038989450317,
            3.701076409180958,
            4.142048919416884
        ],
        "rho": [
            -6.213384982422202,
            -6.3533274969941465,
            -6.141087493454728,
            -6.1049387489709925,
            -6.89809377731828,
            -7.339066287554207,
            -8.014122003823502,
            -8.455094514059427
        ],
        "unit": "log um2"
    },
    "Z-6": {
        "s": [
            -0.326576419696791,
            1.1196492153695565,
            1.84276203290273,
            2.565874850435904,
            3.2889876679690775
        ],
        "rho": [
            -4.2531671735959495,
            -4.523301549606615,
            -4.741264388819884,
            -5.9695271846729625,
            -6.789550015214192
        ],
        "unit": "log um2"
    },
    "Z-7": {
        "s": [
            -0.07720241192176033,
            0.5663387861799403,
            1.2098799842816408,
            1.8534211823833415,
            2.496962380485042,
            3.140503578586743
        ],
        "rho": [
            -4.135962941812407,
            -5.080534135578089,
            -4.122015342351827,
            -4.611741676108998,
            -5.431374133266381,
            -6.575517681937266
        ],
        "unit": "log um2"
    },
    "Z-8": {
        "s": [
            -0.3786057412355902,
            0.28189274043876317,
            0.9423912221131168,
            1.60288970378747,
            2.2633881854618236,
            2.923886667136177
        ],
        "rho": [
            -4.148950410738148,
            -4.809448892412501,
            -4.691796123703211,
            -4.166658028415653,
            -5.058550577612593,
            -6.089714983092322
        ],
        "unit": "log um2"
    }
}