{
    "Z-20": {
        "s": [
            1.7356286613009821,
            2.1356800834205343,
            2.535731505540086,
            2.935782927659638,
            3.3358343497791902,
            3.7358857718987424,
            4.135937194018294,
            4.535988616137846,
            4.936040038257398
        ],
        "rho": [
            -7.559025650012654,
            -7.357017080804242,
            -7.429709568537463,
            -7.583088657315628,
            -7.96889964032057,
            -8.498584920256802,
            -9.056244195738023,
            -9.757325613521555,
            -10.157377035641108
        ],
        "unit": "log um2"
    },
    "Z-21": {
        "s": [
            1.641227476287748,
            2.4274197479822597,
            3.2136120196767712,
            3.9998042913712832,
            4.785996563065796
        ],
        "rho": [
            -7.676253286942844,
            -7.860385567309393,
            -8.207245145173642,
            -9.557708847306717,
            -10.343901119001229
        ],
        "unit": "log um2"
    },
    "Z-22": {
        "s": [
            1.3226822081456118,
            1.7813345580767947,
            2.2399869080079777,
            2.698639257939161,
            3.157291607870344,
            3.615943957801527,
            4.07459630773271,
            4.533248657663893,
            4.991901007595076
        ],
        "rho": [
            -7.018288133502075,
            -7.476940483433258,
            -7.537652824692403,
            -7.792185191967661,
            -7.852897533226807,
            -8.250852042804379,
            -8.867112246097228,
            -9.751733328300693,
            -10.289566924279502
        ],
        "unit": "log um2"
    },
    "Z-23": {
        "s": [
            1.622360474650009,
            2.0835209998939543,
            2.5446815251378996,
            3.0058420503818444,
            3.467002575625789,
            3.928163100869734,
            4.389323626113679,
            4.850484151357624
        ],
        "rho": [
            -7.330114866191678,
            -8.092305387099605,
            -7.708367872329294,
            -7.900683085280658,
            -8.396605716783816,
            -8.614728193341465,
            -9.193988030663405,
            -9.90502602912395
        ],
        "unit": "log um2"
    },
    "Z-24": {
        "s": [
            2.3094976715565485,
            2.6521736721153326,
            2.9948496726741167,
            3.3375256732329013,
            3.680201673791686,
            4.02287767435047,
            4.365553674909254,
            4.708229675468038,
            5.050905676026823
        ],
        "rho": [
            -7.222410873873724,
            -7.4189588387542695,
            -7.629009274038463,
            -8.13649552324324,
            -8.513933630061237,
            -8.98154836722832,
            -9.324224367787105,
            -9.84299162740157,
            -10.662788882680019
        ],
        "unit": "log um2"
    },
    "Z-65": {
        "s": [
            1.0523039081937142,
            2.0469187038163073,
            3.041533499438901,
            4.036148295061495,
            5.030763090684088
        ],
        "rho": [
            -6.936944470657464,
            -7.454438011560393,
            -7.795840293407643,
            -8.75942085529027,
            -10.313343661819875
        ],
        "unit": "log um2"
    },
    "Z-66": {
        "s": [
            1.7187930493801773,
            2.110768614034334,
            2.5027441786884905,
            2.894719743342647,
            3.286695307996803,
            3.67867087265096,
            4.070646437305116,
            4.462622001959272,
            4.854597566613429
        ],
        "rho": [
            -7.531817380365046,
            -7.622762949355222,
            -7.713708518345397,
            -7.406714078663535,
            -7.820966038028843,
            -8.450302518477605,
            -8.883670768289985,
            -9.67358634161618,
            -9.822523857584041
        ],
        "unit": "log um2"
    },
    "Z-6": {
        "s": [
            0.0872154315664302,
            1.5306303057743695,
            2.2523377428783395,
            2.9740451799823093,
            3.695752617086279
        ],
        "rho": [
            -5.072947128483688,
            -5.340270743635945,
            -5.547873359767083,
            -6.813648841221328,
            -7.5675409616967
        ],
        "unit": "log um2"
    },
    "Z-7": {
        "s": [
            0.32431937739505884,
            0.9688285108078424,
            1.613337644220626,
            2.2578467776334095,
            2.902355911046193,
            3.546865044458977
        ],
        "rho": [
            -4.944487331264008,
            -5.890026460340772,
            -4.932475602425594,
            -5.423169871493848,
            -6.243770263962314,
            -7.388881747944282
        ],
        "unit": "log um2"
    },
    "Z-8": {
        "s": [
            0.035214500608479964,
            0.6943074852702288,
            1.3534004699319775,
            2.0124934545937263,
            2.671586439255475,
            3.330679423917224
        ],
        "rho": [
            -4.968664595594056,
            -5.627757580255805,
            -5.441752524903297,
            -4.986902157258209,
            -5.8726427744180825,
            -6.921706838080594
        ],
        "unit": "log um2"
    }
}