{
    "Z-20": {
        "s": [
            3.9964326824848526,
            4.917585123488402,
            5.83873756449195,
            6.7598900054955,
            7.681042446499049,
            8.602194887502598,
            9.523347328506146,
            10.444499769509695,
            11.365652210513245
        ],
        "rho": [
            -7.559025650012654,
            -7.357017080804242,
            -7.429709568537463,
            -7.583088657315628,
            -7.96889964032057,
            -8.498584920256802,
            -9.056244195738023,
            -9.757325613521555,
            -10.157377035641108
        ],
        "unit": "log um2"
    },
    "Z-21": {
        "s": [
            3.779065921112407,
            5.589340526143315,
            7.3996151311742215,
            9.20988973620513,
            11.020164341236038
        ],
        "rho": [
            -7.676253286942844,
            -7.860385567309393,
            -8.207245145173642,
            -9.557708847306717,
            -10.343901119001229
        ],
        "unit": "log um2"
    },
    "Z-22": {
        "s": [
            3.0455883352445334,
            4.101674399062764,
            5.1577604628809945,
            6.213846526699226,
            7.269932590517456,
            8.326018654335687,
            9.382104718153917,
            10.438190781972148,
            11.49427684579038
        ],
        "rho": [
            -7.018288133502075,
            -7.476940483433258,
            -7.537652824692403,
            -7.792185191967661,
            -7.852897533226807,
            -8.250852042804379,
            -8.867112246097228,
            -9.751733328300693,
            -10.289566924279502
        ],
        "unit": "log um2"
    },
    "Z-23": {
        "s": [
            3.7356230443918554,
            4.797484395295868,
            5.85934574619988,
            6.921207097103892,
            7.983068448007904,
            9.044929798911916,
            10.106791149815928,
            11.16865250071994
        ],
        "rho": [
            -7.330114866191678,
            -8.092305387099605,
            -7.708367872329294,
            -7.900683085280658,
            -8.396605716783816,
            -8.614728193341465,
            -9.193988030663405,
            -9.90502602912395
        ],
        "unit": "log um2"
    },
    "Z-24": {
        "s": [
            5.317814910830567,
            6.106855561444043,
            6.895896212057519,
            7.684936862670995,
            8.47397751328447,
            9.263018163897947,
            10.052058814511422,
            10.841099465124898,
            11.630140115738376
        ],
        "rho": [
            -7.222410873873724,
            -7.4189588387542695,
            -7.629009274038463,
            -8.13649552324324,
            -8.513933630061237,
            -8.98154836722832,
            -9.324224367787105,
            -9.84299162740157,
            -10.662788882680019
        ],
        "unit": "log um2"
    },
    "Z-65": {
        "s": [
            2.423019292306221,
            4.7132044939781235,
            7.003389695650028,
            9.293574897321932,
            11.583760098993833
        ],
        "rho": [
            -6.936944470657464,
            -7.454438011560393,
            -7.795840293407643,
            -8.75942085529027,
            -10.313343661819875
        ],
        "unit": "log um2"
    },
    "Z-66": {
        "s": [
            3.957667253444575,
            4.860224345435159,
            5.762781437425744,
            6.665338529416329,
            7.567895621406913,
            8.470452713397497,
            9.373009805388081,
            10.275566897378665,
            11.17812398936925
        ],
        "rho": [
            -7.531817380365046,
            -7.622762949355222,
            -7.713708518345397,
            -7.406714078663535,
            -7.820966038028843,
            -8.450302518477605,
            -8.883670768289985,
            -9.67358634161618,
            -9.822523857584041
        ],
        "unit": "log um2"
    },
    "Z-6": {
        "s": [
            0.2008209526039045,
            3.5244065249609813,
            5.18619931113952,
            6.847992097318059,
            8.509784883496597
        ],
        "rho": [
            -5.072947128483688,
            -5.340270743635945,
            -5.547873359767083,
            -6.813648841221328,
            -7.5675409616967
        ],
        "unit": "log um2"
    },
    "Z-7": {
        "s": [
            0.7467729637589726,
            2.2308100866537584,
            3.7148472095485445,
            5.198884332443331,
            6.682921455338117,
            8.166958578232903
        ],
        "rho": [
            -4.944487331264008,
            -5.890026460340772,
            -4.932475602425594,
            -5.423169871493848,
            -6.243770263962314,
            -7.388881747944282
        ],
        "unit": "log um2"
    },
    "Z-8": {
        "s": [
            0.08108438415831572,
            1.5987020655374118,
            3.1163197469165076,
            4.633937428295604,
            6.1515551096747,
            7.6691727910537955
        ],
        "rho": [
            -4.968664595594056,
            -5.627757580255805,
            -5.441752524903297,
            -4.986902157258209,
            -5.8726427744180825,
            -6.921706838080594
        ],
        "unit": "log um2"
    }
}